product_code,product_name,product_family,service_category,is_ai_service,active_customers,compute_hours,storage_gb,network_gb,ai_tokens_million,requests_count,failed_requests,estimated_cost_usd,carbon_estimate_kg,cost_per_compute_hour_usd,cost_per_million_requests_usd,request_failure_rate_pct,carbon_kg_per_compute_hour,cloud_cost_rank
NC-AISEARCH,Nexus AI Search,Artificial Intelligence,AI Search,True,313,50992959.11,485282115.72,153813747.22,9063849.74,31315926257.0,411945443.0,27038538.24,7137986.49,0.5302,863.4117,1.3155,0.13998,1
NC-AIMODEL,Nexus AI Models,Artificial Intelligence,Generative AI,True,294,48560355.41,452876509.14,149233628.42,8725209.53,30478134274.0,397547871.0,25963981.96,6799904.05,0.5347,851.8888,1.3044,0.14003,2
NC-SECURITY,Nexus Cloud Security,Security,Cybersecurity,False,1039,111793064.73,1066029063.4,346530156.38,0.0,68916604288.0,905131325.0,15658742.75,15614472.25,0.1401,227.2129,1.3134,0.139673,3
NC-INTEGRATION,Nexus Integration,Application Platform,Integration,False,1024,111104243.3,1047891071.43,341818032.31,0.0,69390631807.0,893688677.0,15513346.03,15622181.52,0.1396,223.5654,1.2879,0.140608,4
NC-COMPUTE,Nexus Compute,Cloud Infrastructure,Compute,False,1011,109212483.54,1025518669.86,331494592.8,0.0,67068306410.0,864994242.0,15195107.34,15264789.47,0.1391,226.5617,1.2897,0.139771,5
NC-CONTAINER,Nexus Container Platform,Cloud Infrastructure,Containers,False,1032,107577094.77,1013524207.07,328324154.92,0.0,66321778684.0,857345447.0,14992227.32,15061407.82,0.1394,226.0529,1.2927,0.140006,6
NC-STORAGE,Nexus Storage,Cloud Infrastructure,Storage,False,1003,103624587.6,983763759.65,318084544.06,0.0,64504657854.0,825905577.0,14474589.71,14517298.57,0.1397,224.396,1.2804,0.140095,7
NC-ANALYTICS,Nexus Analytics,Data Platform,Business Intelligence,False,950,103429845.24,969599249.4,316429707.3,0.0,63404256853.0,825588939.0,14412185.34,14509456.95,0.1393,227.3063,1.3021,0.140283,8
NC-SQL,Nexus SQL Database,Data Platform,Database,False,992,102804870.46,979374403.45,318231604.57,0.0,64104941551.0,834914878.0,14393503.6,14348691.4,0.14,224.5303,1.3024,0.139572,9
NC-WAREHOUSE,Nexus Data Warehouse,Data Platform,Analytics,False,1013,101111545.78,954591393.19,312898887.13,0.0,62275260537.0,811235642.0,14138211.85,14128685.36,0.1398,227.0277,1.3027,0.139734,10
