index,active_customers,compute_hours,storage_gb,network_gb,ai_tokens_million,requests_count,failed_requests,estimated_cost_usd,carbon_estimate_kg,cost_per_compute_hour_usd,cost_per_million_requests_usd,request_failure_rate_pct,carbon_kg_per_compute_hour,cloud_cost_rank
active_customers,1.0,0.9929245133208733,0.9931492114166663,0.9937643698665187,-0.9959146017944819,0.9928455220138094,0.9924482559966864,-0.9838392265349941,0.9924091786269988,-0.9964873869364173,-0.9962957121712825,-0.5032233693756201,-0.06578273794814853,0.6585747074255787
compute_hours,0.9929245133208733,1.0,0.999643850762667,0.9995190600145716,-0.9876684034835015,0.9995403152667341,0.9994036338633123,-0.9655041712582231,0.9999508879319373,-0.9885507727775491,-0.9881434838742794,-0.4955583422344664,-0.017033818321833788,0.5817516692912852
storage_gb,0.9931492114166663,0.999643850762667,1.0,0.9996430087463847,-0.9868010129735358,0.9994391622365105,0.9996363851997521,-0.9641615949565341,0.999473137229231,-0.9879072399654907,-0.9874132634381179,-0.4860678752744052,-0.029615058428770626,0.5792894224817059
network_gb,0.9937643698665187,0.9995190600145716,0.9996430087463847,1.0,-0.9884567699856228,0.9994855947665645,0.9998668489611143,-0.9669581511302406,0.999386357673005,-0.9890295518643842,-0.9888408409079963,-0.483657477935096,-0.02568516557834284,0.587095956670469
ai_tokens_million,-0.9959146017944819,-0.9876684034835015,-0.9868010129735358,-0.9884567699856228,1.0,-0.9874847261832913,-0.9868591226626413,0.9943521105695801,-0.9873001138567002,0.9996151354226042,0.9999268293292839,0.512254471815105,0.04977578656522474,-0.6978095027842398
requests_count,0.9928455220138094,0.9995403152667341,0.9994391622365105,0.9994855947665645,-0.9874847261832913,1.0,0.9994628615165861,-0.965423500129307,0.9995756296998716,-0.9880523868995661,-0.9879741956848409,-0.5070499640485969,-0.008970255178039887,0.5811515324698779
failed_requests,0.9924482559966864,0.9994036338633123,0.9996363851997521,0.9998668489611143,-0.9868591226626413,0.9994628615165861,1.0,-0.9643638445855202,0.9992721698558922,-0.9875198124833534,-0.9873004611055508,-0.4788576357912959,-0.02568536336618672,0.5805115217875714
estimated_cost_usd,-0.9838392265349941,-0.9655041712582231,-0.9641615949565341,-0.9669581511302406,0.9943521105695801,-0.965423500129307,-0.9643638445855202,1.0,-0.9649470687189134,0.9931337460648795,0.9939068156786579,0.5191408956636132,0.06895495246043172,-0.7666573238649826
carbon_estimate_kg,0.9924091786269988,0.9999508879319373,0.999473137229231,0.999386357673005,-0.9873001138567002,0.9995756296998716,0.9992721698558922,-0.9649470687189134,1.0,-0.9881848091878401,-0.9877939350910038,-0.49966513516629085,-0.007132945948880411,0.5797704290456446
cost_per_compute_hour_usd,-0.9964873869364173,-0.9885507727775491,-0.9879072399654907,-0.9890295518643842,0.9996151354226042,-0.9880523868995661,-0.9875198124833534,0.9931337460648795,-0.9881848091878401,1.0,0.9998473534974808,0.5066912171841763,0.050094650295810755,-0.6957080180005731
cost_per_million_requests_usd,-0.9962957121712825,-0.9881434838742794,-0.9874132634381179,-0.9888408409079963,0.9999268293292839,-0.9879741956848409,-0.9873004611055508,0.9939068156786579,-0.9877939350910038,0.9998473534974808,1.0,0.5122853220371647,0.04822228382024284,-0.6967771813592356
request_failure_rate_pct,-0.5032233693756201,-0.4955583422344664,-0.4860678752744052,-0.483657477935096,0.512254471815105,-0.5070499640485969,-0.4788576357912959,0.5191408956636132,-0.49966513516629085,0.5066912171841763,0.5122853220371647,1.0,-0.4083390283383541,-0.3347262660331701
carbon_kg_per_compute_hour,-0.06578273794814853,-0.017033818321833788,-0.029615058428770626,-0.02568516557834284,0.04977578656522474,-0.008970255178039887,-0.02568536336618672,0.06895495246043172,-0.007132945948880411,0.050094650295810755,0.04822228382024284,-0.4083390283383541,1.0,-0.21717214393379441
cloud_cost_rank,0.6585747074255787,0.5817516692912852,0.5792894224817059,0.587095956670469,-0.6978095027842398,0.5811515324698779,0.5805115217875714,-0.7666573238649826,0.5797704290456446,-0.6957080180005731,-0.6967771813592356,-0.3347262660331701,-0.21717214393379441,1.0
