index,count,mean,std,min,1%,5%,25%,50%,75%,95%,99%,max,missing,missing_pct,skew,kurtosis,variance,iqr
lifetime_revenue_usd,2500.0,1373986.140172,3027235.818204195,6163.63,9835.079099999999,16242.727499999999,48895.854999999996,263426.845,1091201.7675,9049149.39149998,14839001.213899987,20974873.67,0,0.0,3.3602158476882353,11.450587593573534,9164156699018.42,1042305.9125000001
lifetime_gross_profit_usd,2500.0,864533.652208,1904218.020114405,3569.91,6038.1417,10197.833999999999,31055.2375,166613.905,690767.295,5718302.2765,9336740.447899994,13279577.21,0,0.0,3.362751264302206,11.479872183817509,3626046268128.425,659712.0575
transactions,2500.0,64.684,38.31342468906378,10.0,11.0,13.0,36.0,57.0,87.0,139.0,171.0,221.0,0,0.0,0.879192167607109,0.4194603340108327,1467.9185114045617,51.0
purchased_products,2500.0,3.4684,1.859027658087263,1.0,1.0,1.0,2.0,3.0,5.0,7.0,8.0,9.0,0,0.0,0.7232013448977077,-0.062246412009440366,3.455983833533413,3.0
subscriptions,2500.0,3.4684,1.859027658087263,1.0,1.0,1.0,2.0,3.0,5.0,7.0,8.0,9.0,0,0.0,0.7232013448977077,-0.062246412009440366,3.455983833533413,3.0
active_subscriptions,2500.0,1.8216,1.4566475788149813,0.0,0.0,0.0,1.0,2.0,3.0,5.0,6.0,9.0,0,0.0,1.104755269747933,1.6439230505710114,2.121822168867547,2.0
active_contract_value_usd,2500.0,456013.795708,1121929.337138656,0.0,0.0,0.0,12948.189999999999,63591.604999999996,282783.525,2726619.485499999,6073511.891899977,9740743.8,0,0.0,4.224158703309758,20.563364099481024,1258725437532.3843,269835.335
support_tickets,2500.0,4.7952,4.8210532025266675,0.0,0.0,0.0,1.0,3.0,7.0,16.0,22.0,32.0,0,0.0,1.779576450397166,3.5996319422602,23.242553981592636,6.0
sla_breaches,2500.0,3.1576,3.3666148990271134,0.0,0.0,0.0,1.0,2.0,4.0,10.0,16.0,22.0,0,0.0,1.8055600149014723,3.839027149325342,11.33409587835134,3.0
reopened_tickets,2500.0,0.7004,1.0418608494476815,0.0,0.0,0.0,0.0,0.0,1.0,3.0,4.0,8.0,0,0.0,1.9307813347392624,4.798549406107811,1.0854740296118446,1.0
avg_resolution_hours,2500.0,43.192364000000005,28.270275333616393,0.0,0.0,0.0,26.015,41.94,57.6425,95.48749999999997,137.71789999999982,157.51,0,0.0,0.8501594501818959,1.5760439234700305,799.2084674384795,31.627499999999998
avg_customer_satisfaction,2500.0,2.9525839999999994,1.1617240481498263,0.0,0.0,0.0,2.7,3.21,3.6,4.400499999999997,4.780099999999998,4.98,0,0.0,-1.3991953351408632,1.6250151502627768,1.34960276404962,0.8999999999999999
compute_hours,2500.0,380084.4200599999,717443.241058979,4275.95,6237.4869,8007.9705,25151.915,99092.565,357310.99,2246783.0744999913,3460059.4346999982,4549133.45,0,0.0,3.008582685777293,9.203442862757846,514724804141.2121,332159.075
storage_gb,2500.0,3591380.176972,6784979.989875127,37002.96,56454.224,77439.3195,237533.56,933755.225,3411420.6225,21229483.770999994,32555718.0632,44296993.06,0,0.0,3.0317123285392458,9.442982425906173,46035953463005.87,3173887.0625
network_gb,2500.0,1166743.622136,2212003.6430023094,11479.65,19097.806399999998,25288.11,75999.495,304754.575,1113546.315,6851193.723499979,10589183.849699983,14582289.22,0,0.0,3.04745574169052,9.576508137241404,4892960116655.488,1037546.82
ai_tokens_million,2500.0,7115.6237,24299.785571530287,0.0,0.0,0.0,0.0,0.0,0.0,45500.56799999993,135706.45739999975,235575.41,0,0.0,4.942257241967114,28.466311198823476,590479578.8223515,0.0
requests_count,2500.0,235112199.406,443669968.12117237,2515541.0,3699639.37,5009673.2,15504573.0,61847723.0,231489763.75,1359019279.799995,2146694607.5399973,2729909756.0,0,0.0,3.017006381477951,9.276853927945535,1.968430406126421e+17,215985190.75
failed_requests,2500.0,3051319.2164,5761637.050222568,23233.0,44311.82,66242.4,201304.25,775159.0,2976471.75,17757696.249999955,27908895.69999999,35986965.0,0,0.0,3.022708005684016,9.339337294244917,33196461498497.42,2775167.5
request_failure_rate_pct,2500.0,1.2970872,0.12165635213734688,0.6472,0.972457,1.0998,1.22565,1.29825,1.366825,1.4969249999999998,1.604148999999999,1.8753,0,0.0,0.04208488542644047,1.7605158959709648,0.014800268015366146,0.14117500000000005
cloud_cost_usd,2500.0,68712.173656,141449.80783423173,717.71,879.1153,1148.329,3689.455,14974.505000000001,56741.405,378479.31099999975,733500.5971999989,1131981.34,0,0.0,3.4939656262878187,13.78272535035024,20008048136.341087,53051.95
