country_code,country_name,continent,income_group,total_customers,ai_customers,net_revenue_usd,gdp_usd,population,gdp_per_capita_usd,internet_users_pct,inflation_pct,ai_customer_adoption_pct,gdp_score,wealth_score,digital_score,whitespace_score,customer_whitespace_score,market_opportunity_score,opportunity_band,opportunity_rank
DEU,Germany,,,206,58,229623357.99,5050922925047.05,83491249.0,60496.44,93.5,2.1718,28.1553,90.0,70.0,40.0,90.0,90.0,77.0,Strategic Priority,1
USA,United States,,,228,66,319488010.0,30769700000000.0,341784857.0,90026.52,94.6938,2.9495,28.9474,100.0,90.0,70.0,50.0,50.0,72.5,High Opportunity,2
FRA,France,,,199,49,204446692.38,3366315927447.33,68720337.0,48985.73,88.6538,0.9438,24.6231,50.0,30.0,30.0,100.0,100.0,63.0,High Opportunity,3
SGP,Singapore,,,208,63,257998645.92,603869516998.74,6111175.0,98813.98,94.3776,0.903,30.2885,10.0,100.0,60.0,70.0,80.0,59.0,Selective Expansion,4
GBR,United Kingdom,,,217,55,334427471.94,4002587541846.01,69487000.0,57601.96,95.4721,3.8831,25.3456,70.0,60.0,80.0,30.0,60.0,59.0,Selective Expansion,4
CAN,Canada,,,210,61,256951545.69,2319899772425.92,41651653.0,55697.66,94.3533,2.0723,29.0476,40.0,50.0,50.0,80.0,70.0,58.0,Selective Expansion,6
JPN,Japan,,,246,68,296171486.64,4435162999976.94,123366734.0,35951.04,85.5415,3.1725,27.6423,80.0,20.0,20.0,60.0,30.0,46.5,Selective Expansion,7
AUS,Australia,,,248,68,368143537.95,1798518933689.21,27614411.0,65129.72,96.1314,2.874,27.4194,20.0,80.0,90.0,10.0,20.0,40.5,Selective Expansion,8
IND,India,,,228,76,334703402.41,3956067115771.63,1463865525.0,2702.48,70.0,2.3988,33.3333,60.0,0.0,0.0,20.0,50.0,27.5,Mature / Lower Priority,9
ARE,United Arab Emirates,,,258,86,500786570.98,552324919095.87,11513149.0,50273.51,100.0,1.2509,33.3333,0.0,40.0,100.0,0.0,0.0,26.0,Mature / Lower Priority,10
BRA,Brazil,,,252,81,332224628.53,2279920092492.13,212812405.0,10713.29,84.4635,5.0168,32.1429,30.0,10.0,10.0,40.0,10.0,22.5,Mature / Lower Priority,11
