revenue_month,net_revenue_usd,estimated_cost_usd,gross_profit_usd,transaction_count,active_customers,active_products,revenue_per_active_customer,gross_margin_pct,mom_growth_pct,cumulative_revenue_usd
2023-01-01,1308631.9,526606.67,782025.24,98,95,10,13775.07,59.76,,1308631.9
2023-02-01,3301779.71,1226879.1,2074900.54,192,179,10,18445.7,62.84,152.31,4610411.61
2023-03-01,5934383.34,2261144.57,3673238.68,308,281,10,21118.8,61.9,79.73,10544794.95
2023-04-01,7894406.6,2976809.91,4917596.79,435,373,10,21164.63,62.29,33.03,18439201.55
2023-05-01,10823961.98,4017335.84,6806626.08,591,481,10,22503.04,62.88,37.11,29263163.53
2023-06-01,13427382.53,5093796.09,8333586.32,748,587,10,22874.59,62.06,24.05,42690546.06
2023-07-01,16033378.28,5983559.74,10049818.67,884,657,10,24403.92,62.68,19.41,58723924.34
2023-08-01,18968943.7,7084583.37,11884360.38,1053,740,10,25633.71,62.65,18.31,77692868.04
2023-09-01,22565364.71,8391235.11,14174129.95,1197,813,10,27755.68,62.81,18.96,100258232.75
2023-10-01,26476605.03,9913651.79,16562953.0,1387,900,10,29418.45,62.56,17.33,126734837.78
2023-11-01,29590104.95,10992813.95,18597290.91,1565,975,10,30348.83,62.85,11.76,156324942.73
2023-12-01,33369012.9,12406398.54,20962614.43,1765,1062,10,31420.92,62.82,12.77,189693955.63
2024-01-01,39754629.8,14785241.68,24969387.98,1970,1153,10,34479.3,62.81,19.14,229448585.43
2024-02-01,42384588.4,15688292.08,26696295.9,2116,1208,10,35086.58,62.99,6.62,271833173.83
2024-03-01,45598673.78,16761528.87,28837144.96,2272,1262,10,36132.07,63.24,7.58,317431847.61
2024-04-01,49544401.05,18221978.95,31322421.87,2433,1312,10,37762.5,63.22,8.65,366976248.66
2024-05-01,52888314.3,19680482.75,33207831.16,2612,1382,10,38269.4,62.79,6.75,419864562.96
2024-06-01,57016858.48,21289769.88,35727088.41,2806,1442,10,39540.12,62.66,7.81,476881421.44
2024-07-01,61029963.44,22884301.93,38145661.75,3022,1499,10,40713.78,62.5,7.04,537911384.88
2024-08-01,66040732.69,24263165.03,41777567.97,3233,1556,10,42442.63,63.26,8.21,603952117.57
2024-09-01,69771532.88,25761681.97,44009851.25,3438,1620,10,43068.85,63.08,5.65,673723650.45
2024-10-01,73414902.27,27226502.18,46188400.12,3672,1687,10,43518.02,62.91,5.22,747138552.72
2024-11-01,78034789.3,29000158.47,49034631.27,3892,1739,10,44873.37,62.84,6.29,825173342.02
2024-12-01,82916677.06,30613810.33,52302866.88,4105,1788,10,46373.98,63.08,6.26,908090019.08
2025-01-01,90869713.45,33451816.52,57417897.08,4302,1837,10,49466.37,63.19,9.59,998959732.53
2025-02-01,93690890.41,34728482.0,58962408.39,4456,1872,10,50048.55,62.93,3.1,1092650622.94
2025-03-01,98967615.04,36466344.84,62501269.75,4738,1932,10,51225.47,63.15,5.63,1191618237.98
2025-04-01,102024001.17,37592937.8,64431063.03,4928,1979,10,51553.31,63.15,3.09,1293642239.15
2025-05-01,107042015.06,39237914.76,67804100.81,5112,2017,10,53069.91,63.34,4.92,1400684254.21
2025-06-01,110560551.75,40708531.62,69852020.66,5289,2067,10,53488.41,63.18,3.29,1511244805.96
2025-07-01,117064816.71,43614402.6,73450413.91,5509,2125,10,55089.33,62.74,5.88,1628309622.67
2025-08-01,120624296.78,45062986.56,75561310.69,5692,2171,10,55561.63,62.64,3.04,1748933919.45
2025-09-01,126435609.25,46681441.95,79754166.73,5886,2219,10,56978.64,63.08,4.82,1875369528.7
2025-10-01,133580644.58,49316972.77,84263671.85,6176,2272,10,58794.3,63.08,5.65,2008950173.28
2025-11-01,139312866.61,51953575.82,87359290.68,6395,2314,10,60204.35,62.71,4.29,2148263039.89
2025-12-01,143885230.75,53585469.58,90299760.57,6632,2369,10,60736.7,62.76,3.28,2292148270.64
2026-01-01,144339686.68,53678068.13,90661618.43,6448,2346,10,61525.87,62.81,0.32,2436487957.32
2026-02-01,140370057.91,52324968.54,88045088.81,6239,2331,10,60218.82,62.72,-2.75,2576858015.23
2026-03-01,137041882.67,51025396.85,86016485.33,6122,2319,10,59095.25,62.77,-2.37,2713899897.9
2026-04-01,132689856.78,49191538.88,83498317.82,5891,2288,10,57993.82,62.93,-3.18,2846589754.68
2026-05-01,128658710.6,47874150.77,80784560.22,5688,2263,10,56853.16,62.79,-3.04,2975248465.28
2026-06-01,123515887.26,45557629.54,77958257.67,5463,2227,10,55462.9,63.12,-4.0,3098764352.54
2026-07-01,118608505.91,44124630.52,74483875.59,5234,2197,10,53986.58,62.8,-3.97,3217372858.45
2026-08-01,111754104.64,41269409.87,70484694.93,4962,2155,10,51858.05,63.07,-5.78,3329126963.09
2026-09-01,105838387.34,39132819.99,66705567.06,4754,2118,10,49970.91,63.03,-5.29,3434965350.43
