feature,importance,importance_rank
numeric__active_subscription_pct,5.050721889779914,1
numeric__active_subscriptions,3.835904201756555,2
numeric__contract_value_per_active_subscription,1.5445198705387881,3
numeric__purchased_products,0.46507433647291296,4
numeric__subscription_count_risk_view,0.46507433647291296,5
numeric__subscriptions,0.46507433647291296,6
numeric__transactions,0.2394390010978958,7
numeric__auto_renew_subscription_count,0.23797963419955342,8
numeric__active_contract_value_usd,0.21721063268495835,9
categorical__industry_Healthcare,0.19696677629878115,10
numeric__risk_support_ticket_count,0.17624005951226843,11
numeric__support_tickets,0.17624005951226843,12
categorical__industry_Technology,0.17126196120731602,13
numeric__failed_requests,0.1549970318410353,14
numeric__risk_failed_requests,0.1549970318410353,15
numeric__support_tickets_per_transaction,0.15111842702733455,16
numeric__requests_count,0.13704851834635887,17
numeric__risk_requests_count,0.13704851834635887,18
numeric__compute_hours,0.13291937866970607,19
categorical__is_ai_customer_False,0.1321518227759788,20
categorical__is_ai_customer_True,0.13027811066832687,21
numeric__customer_tenure_days,0.12778537264117695,22
numeric__reopened_tickets,0.12725553504142834,23
numeric__subscription_contract_value_usd,0.11573425610193412,24
numeric__storage_gb,0.11435419850772838,25
numeric__gross_margin_pct,0.11182521490869705,26
categorical__customer_segment_Enterprise,0.10877693505692719,27
numeric__auto_renew_subscription_pct,0.10735474632087899,28
categorical__customer_segment_Mid-Market,0.1036985665326328,29
categorical__employee_band_50-249,0.10226872654506011,30
categorical__annual_revenue_band_<$10M,0.10081784059621066,31
numeric__lifetime_revenue_usd,0.09222112190352347,32
categorical__industry_Telecommunications,0.08809482424559331,33
numeric__lifetime_gross_profit_usd,0.08671630453449088,34
numeric__ai_intensity_per_million_requests,0.0843545250373719,35
categorical__annual_revenue_band_$1B+,0.08016985003279,36
categorical__acquisition_channel_Digital,0.0788658487802363,37
categorical__annual_revenue_band_$250M-$1B,0.07820360709907183,38
categorical__industry_Energy,0.07376478363284103,39
numeric__cloud_cost_usd,0.07280075558757249,40
categorical__employee_band_1-49,0.06975806074940816,41
numeric__revenue_per_product,0.06878204225748946,42
numeric__network_gb,0.06862832257533694,43
categorical__employee_band_1000-4999,0.06774926408481573,44
categorical__acquisition_channel_Partner,0.061469397049788904,45
numeric__avg_resolution_hours,0.05929416933093337,46
numeric__risk_avg_resolution_hours,0.05929416933093337,47
categorical__acquisition_channel_Enterprise Agreement,0.0568960907911521,48
categorical__industry_Media,0.05295330237036845,49
categorical__employee_band_5000+,0.05115422713415036,50
numeric__revenue_per_transaction,0.04459212542116698,51
categorical__acquisition_channel_Marketplace,0.04348517389357553,52
categorical__industry_Professional Services,0.04303200268653412,53
categorical__industry_Insurance,0.039438110735955795,54
numeric__gross_profit_per_transaction,0.03749875300679819,55
categorical__annual_revenue_band_$10M-$50M,0.03512907508483591,56
categorical__industry_Banking,0.027477652955341415,57
categorical__industry_Transportation,0.024612420705961285,58
numeric__ai_tokens_million,0.0238190016208866,59
categorical__industry_Retail,0.021626122496566726,60
numeric__ticket_reopen_rate_pct,0.02129842252342776,61
numeric__risk_reopen_rate_pct,0.02123096118747651,62
categorical__annual_revenue_band_$50M-$250M,0.020552829343158708,63
categorical__customer_segment_Strategic,0.020034928279448295,64
numeric__avg_customer_satisfaction,0.01930755472710766,65
numeric__risk_avg_customer_satisfaction,0.01930755472710766,66
categorical__industry_Manufacturing,0.018474634968506373,67
categorical__employee_band_250-999,0.017789340952641973,68
categorical__customer_segment_SMB,0.01683027186280702,69
numeric__sla_breaches,0.012235351001414202,70
numeric__failed_request_rate_calculated_pct,0.008669570682915354,71
numeric__request_failure_rate_pct,0.0085572738077042,72
numeric__risk_request_failure_rate_pct,0.0085572738077042,73
categorical__acquisition_channel_Direct Sales,0.0058592469405261225,74
numeric__cloud_cost_to_revenue_pct,0.004441087259914797,75
numeric__sla_breach_rate_pct,0.002470447132511598,76
numeric__risk_sla_compliance_pct,0.0024069235845137257,77
categorical__customer_status_Active,0.0018737121076576047,78
categorical__industry_Education,0.0013287089361437932,79
